{
  "test_samples": 300,
  "labels": [
    "High",
    "Low",
    "Medium"
  ],
  "accuracy": 0.7066666666666667,
  "macro_f1": 0.624979961669269,
  "weighted_f1": 0.7055858177956325,
  "per_class": {
    "High": {
      "precision": 0.48148148148148145,
      "recall": 0.43333333333333335,
      "f1-score": 0.45614035087719296,
      "support": 30
    },
    "Low": {
      "precision": 0.8181818181818182,
      "recall": 0.823170731707317,
      "f1-score": 0.8206686930091185,
      "support": 164
    },
    "Medium": {
      "precision": 0.5925925925925926,
      "recall": 0.6037735849056604,
      "f1-score": 0.5981308411214953,
      "support": 106
    }
  },
  "reconstructed_split": {
    "test_size": 0.25,
    "random_state": 42,
    "stratified": true
  }
}