{
  "best_model_name": "random_forest",
  "best_macro_f1": 0.624979961669269,
  "feature_columns": [
    "volatility_63d",
    "return_63d",
    "max_drawdown_63d",
    "average_correlation",
    "weighted_correlation",
    "largest_position_weight",
    "top_3_concentration",
    "number_of_assets",
    "market_beta",
    "ten_year_yield",
    "two_year_yield",
    "yield_curve_spread",
    "vix"
  ],
  "labels": [
    "High",
    "Low",
    "Medium"
  ],
  "class_distribution": {
    "Low": 655,
    "Medium": 426,
    "High": 119
  },
  "all_results": {
    "logistic_regression": {
      "macro_f1": 0.5469431552082412,
      "classification_report": {
        "High": {
          "precision": 0.3389830508474576,
          "recall": 0.6666666666666666,
          "f1-score": 0.449438202247191,
          "support": 30.0
        },
        "Low": {
          "precision": 0.7797619047619048,
          "recall": 0.7987804878048781,
          "f1-score": 0.7891566265060241,
          "support": 164.0
        },
        "Medium": {
          "precision": 0.4931506849315068,
          "recall": 0.33962264150943394,
          "f1-score": 0.4022346368715084,
          "support": 106.0
        },
        "accuracy": 0.6233333333333333,
        "macro avg": {
          "precision": 0.5372985468469563,
          "recall": 0.6016899319936595,
          "f1-score": 0.5469431552082412,
          "support": 300.0
        },
        "weighted avg": {
          "precision": 0.6344147216970527,
          "recall": 0.6233333333333333,
          "f1-score": 0.6184723477426121,
          "support": 300.0
        }
      },
      "confusion_matrix": [
        [
          20,
          2,
          8
        ],
        [
          4,
          131,
          29
        ],
        [
          35,
          35,
          36
        ]
      ],
      "labels": [
        "High",
        "Low",
        "Medium"
      ]
    },
    "random_forest": {
      "macro_f1": 0.624979961669269,
      "classification_report": {
        "High": {
          "precision": 0.48148148148148145,
          "recall": 0.43333333333333335,
          "f1-score": 0.45614035087719296,
          "support": 30.0
        },
        "Low": {
          "precision": 0.8181818181818182,
          "recall": 0.823170731707317,
          "f1-score": 0.8206686930091185,
          "support": 164.0
        },
        "Medium": {
          "precision": 0.5925925925925926,
          "recall": 0.6037735849056604,
          "f1-score": 0.5981308411214953,
          "support": 106.0
        },
        "accuracy": 0.7066666666666667,
        "macro avg": {
          "precision": 0.6307519640852974,
          "recall": 0.6200925499821035,
          "f1-score": 0.624979961669269,
          "support": 300.0
        },
        "weighted avg": {
          "precision": 0.7048035914702582,
          "recall": 0.7066666666666667,
          "f1-score": 0.7055858177956325,
          "support": 300.0
        }
      },
      "confusion_matrix": [
        [
          13,
          2,
          15
        ],
        [
          0,
          135,
          29
        ],
        [
          14,
          28,
          64
        ]
      ],
      "labels": [
        "High",
        "Low",
        "Medium"
      ]
    },
    "gradient_boosting": {
      "macro_f1": 0.6128336548679427,
      "classification_report": {
        "High": {
          "precision": 0.5217391304347826,
          "recall": 0.4,
          "f1-score": 0.4528301886792453,
          "support": 30.0
        },
        "Low": {
          "precision": 0.7688172043010753,
          "recall": 0.8719512195121951,
          "f1-score": 0.8171428571428572,
          "support": 164.0
        },
        "Medium": {
          "precision": 0.6153846153846154,
          "recall": 0.5283018867924528,
          "f1-score": 0.5685279187817259,
          "support": 106.0
        },
        "accuracy": 0.7033333333333334,
        "macro avg": {
          "precision": 0.6353136500401577,
          "recall": 0.6000843687682159,
          "f1-score": 0.6128336548679427,
          "support": 300.0
        },
        "weighted avg": {
          "precision": 0.6898965488306301,
          "recall": 0.7033333333333334,
          "f1-score": 0.6928676454088963,
          "support": 300.0
        }
      },
      "confusion_matrix": [
        [
          12,
          3,
          15
        ],
        [
          1,
          143,
          20
        ],
        [
          10,
          40,
          56
        ]
      ],
      "labels": [
        "High",
        "Low",
        "Medium"
      ]
    }
  }
}